country,year,nninc_lcu_per_capita,population
AD,1990,35521.2,52597
AE,1990,229917.4,1898220
AF,1990,51437.60000000001,12045660
AG,1990,31148.2,63066
AI,1990,48935.4,8399
AL,1990,263353.5,3277966
AM,1990,872123.5,3552128
AO,1990,2320197.0,11626360
AR,1990,9948796.0,32755901
AT,1990,31899.8,7679624
AU,1990,49367.7,17126298
AW,1990,49550.60000000001,64433
AZ,1990,5181.8,7231077
BA,1990,2050.8,4448652
BB,1990,35230.7,258582
BD,1990,59179.0,111633717
BE,1990,30257.5,9960968
BF,1990,259146.4,9159356
BG,1990,12139.5,8822365
BH,1990,8267.1,514797
BI,1990,1440190.3,5587052
BJ,1990,331700.2,5281479
BM,1990,141464.2,57559
BN,1990,53117.60000000001,255292
BO,1990,13837.4,7130142
BQ,1990,49936.3,12930
BR,1990,31598.6,149143223
BS,1990,32100.6,275945
BT,1990,56342.2,589287
BW,1990,51899.0,1305696
BY,1990,10775.9,10186261
BZ,1990,8273.800000000001,183076
CA,1990,46006.60000000001,27789443
CD,1990,2714532.8,36684063
CF,1990,417028.8,2871910
CG,1990,1486079.8,2380560
CH,1990,57387.60000000001,6713173
CI,1990,803197.2000000001,12189778
CL,1990,4762438.5,13437176
CM,1990,795266.3,11331821
CN,1990,8900.7,1153582724
CO,1990,15655217.0,32440069
CR,1990,3589466.0,3121706
CU,1990,17824.9,10631799
CV,1990,140200.1,375428
CW,1990,16637.2,155739
CY,1990,11836.4,788351
CZ,1990,370967.6,10301988
DE,1990,30439.4,79707959
DJ,1990,214412.0,579538
DK,1990,258764.6,5141025
DM,1990,14675.9,69627
DO,1990,182068.5,7151166
DZ,1990,481932.4,25375810
EC,1990,3270.9,10473673
EE,1990,11858.8,1570303
EG,1990,79698.20000000001,58396618
ER,1990,4569.400000000001,2032737
ES,1990,19019.7,39084979
ET,1990,31532.6,47609755
FI,1990,27231.0,4986575
FJ,1990,7336.900000000001,773316
FM,1990,3397.7,100888
FR,1990,25989.9,58604904
GA,1990,4695499.5,983734
GB,1990,23624.6,57367862
GD,1990,13151.3,99957
GE,1990,10476.6,5448868
GG,1990,46424.9,58901
GH,1990,14362.9,15394648
GI,1990,24898.6,27200
GL,1990,188524.7,55630
GM,1990,47834.10000000001,1054696
GN,1990,4085134.0,6434374
GQ,1990,706895.3,474274
GR,1990,14567.0,10258487
GT,1990,25541.6,9024773
GW,1990,450597.8,973669
GY,1990,208631.7,749894
HK,1990,183046.7,5560597
HN,1990,54361.60000000001,4980488
HR,1990,10619.5,4835065
HT,1990,332055.9,6854441
HU,1990,4153188.8,10381281
ID,1990,22329076.0,183501098
IE,1990,19518.8,3514018
IL,1990,91905.6,4544999
IM,1990,41046.2,68916
IN,1990,45709.3,864972221
IQ,1990,5744441.0,17581206
IR,1990,1264148480.0,58380092
IS,1990,6275005.0,254833
IT,1990,25706.2,57031454
JE,1990,63231.2,84186
JM,1990,814734.8,2379877
JO,1990,2259.3,3621908
JP,1990,3109520.0,123399765
KE,1990,175233.5,22892651
KG,1990,155045.8,4459543
KH,1990,2289283.8,7374752
KI,1990,3575.6,74855
KM,1990,537701.7000000001,444596
KN,1990,27802.4,40432
KP,1990,89840.40000000001,21112137
KR,1990,11197808.0,44081427
KS,1990,4101.1,1973790
KW,1990,9939.400000000001,1684819
KY,1990,76435.0,25999
KZ,1990,2648297.8,17154054
LA,1990,9100068.0,4311955
LB,1990,492763232.0,3595175
LC,1990,21317.8,137857
LI,1990,124611.8,28887
LK,1990,423059.1,16352458
LR,1990,483.2,2223667
LS,1990,22237.9,1809696
LT,1990,9460.4,3695012
LU,1990,103548.9,381700
LV,1990,10251.8,2660131
LY,1990,50153.60000000001,4445239
MA,1990,17433.6,24375551
MC,1990,96132.1,30358
MD,1990,85965.6,4451148
ME,1990,7880.700000000001,620497
MG,1990,2800144.8,12055639
MH,1990,4388.900000000001,44629
MK,1990,231613.4,2063689
ML,1990,405849.4,9178830
MM,1990,319729.5,39817251
MN,1990,6867276.0,2164573
MO,1990,237452.5,351123
MR,1990,63883.3,1951878
MS,1990,32027.9,10677
MT,1990,12351.2,367908
MU,1990,152512.5,1089024
MV,1990,69068.7,224762
MW,1990,526805.5,9545852
MX,1990,184980.7,82820170
MY,1990,15922.2,17833171
MZ,1990,13158.8,13094537
NC,1990,2983966.5,176456
NE,1990,259765.3,8286059
NG,1990,796638.3,97120925
NI,1990,55481.0,4162559
NL,1990,32584.9,15030878
NO,1990,468313.4,4241440
NP,1990,59748.10000000001,19524573
NR,1990,30449.0,9622
NZ,1990,39074.8,3396979
OM,1990,5117.0,1763954
PA,1990,5260.8,2455583
PE,1990,11798.3,22014771
PF,1990,2097007.1,203776
PG,1990,7834.5,3896481
PH,1990,91138.5,62854666
PK,1990,208589.6,116155576
PL,1990,24437.0,38055455
PR,1990,15996.0,3541048
PS,1990,2468.1,2139067
PT,1990,15581.8,9989524
PW,1990,12726.6,15259
PY,1990,25410678.0,4035747
QA,1990,183745.0,440175
RO,1990,34845.8,22939530
RS,1990,899540.4,7874594
RU,1990,649951.8,148979541
RW,1990,384479.0,7375307
SA,1990,130258.8,10640691
SB,1990,12116.7,331435
SC,1990,104202.7,73983
SD,1990,1559732.1,22021481
SE,1990,335680.8,8558567
SG,1990,36126.0,3039591
SI,1990,13826.1,1998007
SK,1990,8757.9,5266078
SL,1990,11117.6,4196828
SM,1990,32322.4,23475
SN,1990,627450.6,7720523
SO,1990,6854879.0,7082811
SR,1990,202108.3,412493
SS,1990,2382747.0,4737633
ST,1990,59338.0,122980
SV,1990,2738.0,5399726
SX,1990,34869.4,28061
SY,1990,14035071.0,12579208
SZ,1990,38288.3,872428
TC,1990,18817.4,11688
TD,1990,262147.2,5982833
TG,1990,360169.5,3998761
TH,1990,97280.6,54738329
TJ,1990,11457.7,5398768
TL,1990,1106.3,760345
TM,1990,20891.5,3760562
TN,1990,5592.6,8324509
TO,1990,9547.0,99700
TR,1990,218592.9,56015628
TT,1990,46143.5,1252208
TV,1990,5833.0,8798
TW,1990,262897.1,20594906
TZ,1990,1071035.1,26110207
UA,1990,286009.9,52054092
UG,1990,1317550.9,17569897
US,1990,43795.7,253373387
UY,1990,391581.7,3104403
UZ,1990,14350758.0,20464956
VC,1990,9578.1,111812
VE,1990,555759.2000000001,19827010
VG,1990,34909.0,15704
VN,1990,14345525.0,65504552
VU,1990,325939.1,148063
WS,1990,8013.5,169042
YE,1990,500047.1,13887862
ZA,1990,69232.2,40746268
ZM,1990,17186.0,7786169
ZW,1990,996.6,10137281
AD,2023,40307.7,80856
AE,2023,166281.0,10642081
AF,2023,28669.5,41454761
AG,2023,50856.60000000001,93316
AI,2023,75392.0,14410
AL,2023,825090.3,2811655
AM,2023,2875632.8,2943393
AO,2023,2642529.8,36749906
AR,2023,16666114.0,45538401
AT,2023,45832.5,9130429
AU,2023,85455.1,26451124
AW,2023,57535.60000000001,107939
AZ,2023,10637.0,10318207
BA,2023,15302.3,3185073
BB,2023,79446.90000000001,282336
BD,2023,280109.8,171466990
BE,2023,44558.7,11712893
BF,2023,553494.3,23025776
BG,2023,25111.8,6795803
BH,2023,9539.9,1569666
BI,2023,1051940.0,13689450
BJ,2023,779857.0,14111034
BM,2023,281592.8,64698
BN,2023,36319.8,458949
BO,2023,27235.4,12244159
BQ,2023,22855.7,29898
BR,2023,47142.3,211140729
BS,2023,33627.7,399440
BT,2023,280056.9,786385
BW,2023,88854.3,2480244
BY,2023,21825.0,9115680
BZ,2023,12052.4,411106
CA,2023,69877.40000000001,39299105
CD,2023,1836883.4,105789731
CF,2023,300963.5,5152421
CG,2023,1216527.6,6182885
CH,2023,70000.1,8870561
CI,2023,1442718.4,31165654
CL,2023,13672749.0,19658835
CM,2023,1055563.3,28372687
CN,2023,72349.90000000001,1422584933
CO,2023,28815000.0,52321152
CR,2023,7954600.5,5105525
CU,2023,25722.2,11019931
CV,2023,455398.9,522331
CW,2023,29198.5,185427
CY,2023,21008.5,1344976
CZ,2023,559736.0,10809716
DE,2023,43953.60000000001,84548231
DJ,2023,530813.7000000001,1152944
DK,2023,415762.3,5948136
DM,2023,26676.4,66510
DO,2023,583458.1,11331265
DZ,2023,675732.9,46164219
EC,2023,6112.5,17980083
EE,2023,24088.9,1367196
EG,2023,156705.5,114535772
ER,2023,6094.700000000001,3470390
ES,2023,27628.6,47911579
ET,2023,101279.5,128691692
FI,2023,41198.3,5601185
FJ,2023,11141.1,924145
FM,2023,3927.9,112630
FR,2023,36344.3,68655640
GA,2023,3510212.3,2484789
GB,2023,37587.9,68682962
GD,2023,23627.3,117081
GE,2023,19471.5,3807492
GG,2023,117382.9,64017
GH,2023,32938.1,33787914
GI,2023,74384.6,38471
GL,2023,362697.8,55922
GM,2023,53455.60000000001,2697845
GN,2023,15093738.0,14405468
GQ,2023,3357548.3,1847549
GR,2023,19795.9,10242908
GT,2023,41665.2,18124838
GW,2023,544978.0,2153339
GY,2023,3257588.0,826353
HK,2023,417967.8,7442734
HN,2023,78835.8,10644851
HR,2023,18818.7,3896023
HT,2023,367644.3,11637398
HU,2023,6946309.0,9686463
ID,2023,61787100.0,281190067
IE,2023,56888.0,5196630
IL,2023,184928.4,9256314
IM,2023,67971.40000000001,84165
IN,2023,184188.5,1438069596
IQ,2023,6751226.5,45074049
IR,2023,2202703872.0,90608707
IS,2023,10577101.0,387558
IT,2023,30473.3,59499453
JE,2023,112472.9,103674
JM,2023,1127669.8,2839786
JO,2023,3015.2,11439213
JP,2023,4084818.0,124370947
KE,2023,254111.4,55339003
KG,2023,191648.4,7073516
KH,2023,9004518.0,17423880
KI,2023,4684.8,132530
KM,2023,707991.3,850387
KN,2023,58731.3,46758
KP,2023,57209.9,26418204
KR,2023,37813788.0,51748739
KS,2023,5472.200000000001,1700031
KW,2023,11140.9,4838782
KY,2023,141387.2,73038
KZ,2023,5422729.5,20330104
LA,2023,36019572.0,7664993
LB,2023,661332736.0,5773493
LC,2023,29482.2,179285
LI,2023,191632.6,39598
LK,2023,1179559.4,22971617
LR,2023,799.5,5493031
LS,2023,22829.3,2311472
LT,2023,23300.0,2854099
LU,2023,187579.5,665098
LV,2023,16420.3,1882396
LY,2023,26903.6,7305659
MA,2023,38649.1,37712505
MC,2023,145762.3,38956
MD,2023,97499.1,3067070
ME,2023,10848.6,633552
MG,2023,2361392.0,31195932
MH,2023,7048.3,38827
MK,2023,407374.7,1831802
ML,2023,591625.9,23769127
MM,2023,2658568.0,54133798
MN,2023,18438728.0,3431932
MO,2023,467721.8,713912
MR,2023,77855.8,5022441
MS,2023,44449.9,4420
MT,2023,33356.6,532956
MU,2023,820297.4,1273588
MV,2023,158908.4,525994
MW,2023,1076919.6,21104482
MX,2023,213068.6,129739759
MY,2023,43256.9,35126298
MZ,2023,33241.7,33635160
NC,2023,3555238.0,289870
NE,2023,339471.5,26159867
NG,2023,1617391.6,227882945
NI,2023,99080.70000000001,6823613
NL,2023,55391.2,18092524
NO,2023,914605.5,5519167
NP,2023,183313.9,29694614
NR,2023,24405.1,11875
NZ,2023,73673.3,5172836
OM,2023,6640.400000000001,5049269
PA,2023,16689.8,4458759
PE,2023,28476.3,33845617
PF,2023,2377489.8,281118
PG,2023,10420.8,10389635
PH,2023,199507.6,114891199
PK,2023,443312.9,247504495
PL,2023,79003.0,38762844
PR,2023,30370.3,3242023
PS,2023,4706.900000000001,5409202
PT,2023,22502.6,10430738
PW,2023,13273.3,17727
PY,2023,42871524.0,6844146
QA,2023,211452.7,2979082
RO,2023,84599.70000000001,19118479
RS,2023,1146951.3,6773201
RU,2023,1184171.4,145440500
RW,2023,1302097.9,13954471
SA,2023,122181.8,33264292
SB,2023,15208.1,800005
SC,2023,211371.0,127951
SD,2023,1844810.8,50042791
SE,2023,545817.9,10551494
SG,2023,114619.1,5789090
SI,2023,26086.5,2118396
SK,2023,19309.3,5518055
SL,2023,17294.9,8460512
SM,2023,41296.5,33733
SN,2023,982677.4,18077573
SO,2023,14663627.0,18358615
SR,2023,226823.2,628886
SS,2023,3986887.5,11483374
ST,2023,91941.3,230871
SV,2023,4891.900000000001,6309624
SX,2023,58185.4,42749
SY,2023,10841625.0,23594623
SZ,2023,61725.60000000001,1230506
TC,2023,33442.7,46198
TD,2023,547924.1,19319064
TG,2023,553540.9,9304337
TH,2023,198649.6,71702435
TJ,2023,15135.9,10389799
TL,2023,1515.1,1384286
TM,2023,33042.5,7364438
TN,2023,12128.5,12200431
TO,2023,14873.7,104597
TR,2023,565783.1,87270501
TT,2023,103035.7,1502932
TV,2023,11931.5,9816
TW,2023,968534.0,23317145
TZ,2023,2541083.0,66617606
UA,2023,203082.6,37732836
UG,2023,3762779.5,48656601
US,2023,71410.40000000001,343477335
UY,2023,859971.9,3388081
UZ,2023,32984938.0,35652307
VC,2023,25110.1,101323
VE,2023,194214.6,28300854
VG,2023,50313.0,38985
VN,2023,90700584.0,100352192
VU,2023,428685.9,320409
WS,2023,13723.6,216663
YE,2023,205595.9,39390799
ZA,2023,101726.6,63212384
ZM,2023,27444.3,20723965
ZW,2023,2499.9,16340822
