country,year,adult_pop,total_pop
AD,2023,66704,80856
AE,2023,8397340,10642081
AF,2023,18855236,41454761
AG,2023,69943,93316
AI,2023,10797,14410
AL,2023,2160938,2811655
AM,2023,2185941,2943393
AN,2023,203570,258074
AO,2023,16517047,36749906
AR,2023,31917283,45538401
AS,2023,29704,47521
AT,2023,7385005,9130429
AU,2023,20101078,26451124
AW,2023,82318,107939
AZ,2023,7280682,10318207
BA,2023,2598087,3185073
BB,2023,214870,282336
BD,2023,105691797,171466990
BE,2023,9136595,11712893
BF,2023,10667060,23025776
BG,2023,5475487,6795803
BH,2023,1186269,1569666
BI,2023,5946565,13689450
BJ,2023,6710940,14111034
BL,2023,8039,11085
BM,2023,52409,64698
BN,2023,330007,458949
BO,2023,7384612,12244159
BQ,2023,23580,29898
BR,2023,153980281,211140729
BS,2023,297949,399440
BT,2023,548385,786385
BW,2023,1432210,2480244
BY,2023,7131244,9115680
BZ,2023,261115,411106
CA,2023,31148252,39299105
CD,2023,46059512,105789731
CF,2023,1979448,5152421
CG,2023,3010413,6182885
CH,2023,7109720,8870561
CI,2023,15050047,31165654
CK,2023,9521,14222
CL,2023,15032792,19658835
CM,2023,13472193,28372687
CN,2023,1105100625,1422584933
CO,2023,37511547,52321152
CR,2023,3758606,5105525
CS,2023,12915702,16327771
CU,2023,8723203,11019931
CV,2023,337134,522331
CW,2023,146529,185427
CY,2023,1062636,1344976
CZ,2023,8550369,10809716
DE,2023,68937242,84548231
DJ,2023,696009,1152944
DK,2023,4655625,5948136
DM,2023,50132,66510
DO,2023,7311554,11331265
DZ,2023,28553527,46164219
EC,2023,11914093,17980083
EE,2023,1075011,1367196
EG,2023,66904391,114535772
EH,2023,404060,579729
ER,2023,1707768,3470390
ES,2023,39035902,47911579
ET,2023,63614953,128691692
FI,2023,4453441,5601185
FJ,2023,590214,924145
FK,2023,2740,3477
FM,2023,64793,112630
FO,2023,39856,54714
FR,2023,52695128,68655640
GA,2023,1345441,2484789
GB,2023,52737406,68682962
GD,2023,85351,117081
GE,2023,2783974,3807492
GG,2023,51692,64017
GH,2023,18122711,33787914
GI,2023,29247,38471
GL,2023,40849,55922
GM,2023,1303547,2697845
GN,2023,6905298,14405468
GQ,2023,981807,1847549
GR,2023,8325767,10242908
GT,2023,10408508,18124838
GU,2023,111271,166506
GW,2023,1074171,2153339
GY,2023,512690,826353
HK,2023,6366618,7442734
HN,2023,6282539,10644851
HR,2023,3143129,3896023
HT,2023,6808279,11637398
HU,2023,7786131,9686463
ID,2023,187999406,281190067
IE,2023,3862133,5196630
IL,2023,5967213,9256314
IM,2023,67408,84165
IN,2023,949483063,1438069596
IQ,2023,23696631,45074049
IR,2023,63724551,90608707
IS,2023,293271,387558
IT,2023,49376355,59499453
JE,2023,83229,103674
JM,2023,2068499,2839786
JO,2023,6760139,11439213
JP,2023,104212500,124370947
KE,2023,28282295,55339003
KG,2023,4177915,7073516
KH,2023,10571747,17423880
KI,2023,74406,132530
KM,2023,446654,850387
KN,2023,35076,46758
KP,2023,19742732,26418204
KR,2023,43759609,51748739
KS,2023,1194919,1700031
KW,2023,3667800,4838782
KY,2023,57441,73038
KZ,2023,12818417,20330104
LA,2023,4591265,7664993
LB,2023,3714892,5773493
LC,2023,134719,179285
LI,2023,31945,39598
LK,2023,16029880,22971617
LR,2023,2673518,5493031
LS,2023,1266059,2311472
LT,2023,2290502,2854099
LU,2023,525391,665098
LV,2023,1487376,1882396
LY,2023,4594711,7305659
MA,2023,24764330,37712505
MC,2023,32258,38956
MD,2023,2273488,3067070
ME,2023,478793,633552
MF,2023,19708,27515
MG,2023,15520398,31195932
MH,2023,20662,38827
MK,2023,1416658,1831802
ML,2023,10045911,23769127
MM,2023,36432332,54133798
MN,2023,2061630,3431932
MO,2023,584930,713912
MP,2023,31083,45143
MR,2023,2319719,5022441
MS,2023,3420,4420
MT,2023,440636,532956
MU,2023,991760,1273588
MV,2023,389918,525994
MW,2023,9892254,21104482
MX,2023,86251047,129739759
MY,2023,24444553,35126298
MZ,2023,14948435,33635160
NA,2023,1581441,2963095
NC,2023,206100,289870
NE,2023,10920506,26159867
NG,2023,108036492,227882945
NI,2023,4184801,6823613
NL,2023,14327401,18092524
NO,2023,4278376,5519167
NP,2023,18166053,29694614
NR,2023,6199,11875
NU,2023,1243,1817
NZ,2023,3898491,5172836
OA-MER,2023,98977740,144727772
OA-PPP,2023,98977740,144727772
OB-MER,2023,28755910,38006782
OB-PPP,2023,28755910,38006782
OC-MER,2023,50486975,63254426
OC-PPP,2023,50486975,63254426
OD-MER,2023,130056837,199338943
OD-PPP,2023,130056837,199338943
OE-MER,2023,99315575,173880582
OE-PPP,2023,99315575,173880582
OH-MER,2023,7876256,13770467
OH-PPP,2023,7876256,13770467
OI-MER,2023,99409494,163280867
OI-PPP,2023,99409494,163280867
OJ-MER,2023,252057642,535068357
OJ-PPP,2023,252057642,535068357
OK-MER,2023,93258,120620
OK-PPP,2023,93258,120620
OL-MER,2023,7782998,13649847
OL-PPP,2023,7782998,13649847
OM,2023,3496362,5049269
PA,2023,2967977,4458759
PE,2023,22713510,33845617
PF,2023,204082,281118
PG,2023,5844505,10389635
PH,2023,70869805,114891199
PK,2023,129972516,247504495
PL,2023,30972584,38762844
PM,2023,4466,5681
PR,2023,2663327,3242023
PS,2023,2781889,5409202
PT,2023,8564779,10430738
PW,2023,13271,17727
PY,2023,4291513,6844146
QA,2023,2416169,2979082
QE-MER,2023,443144605,556820442
QE-PPP,2023,443144605,556820442
QF-MER,2023,31782567,45273807
QF-PPP,2023,31782567,45273807
QL-MER,2023,1301325845,1660028546
QL-PPP,2023,1301325845,1660028546
QM-MER,2023,98490794,124156830
QM-PPP,2023,98490794,124156830
QP-MER,2023,291675510,382897060
QP-PPP,2023,291675510,382897060
RO,2023,14998804,19118479
RS,2023,5459637,6773201
RU,2023,112244500,145440500
RW,2023,7106590,13954471
SA,2023,22876863,33264292
SB,2023,419389,800005
SC,2023,94307,127951
SD,2023,24273014,50042791
SE,2023,8123401,10551494
SG,2023,4730796,5789090
SH,2023,4319,5289
SI,2023,1700912,2118396
SK,2023,4365333,5518055
SL,2023,4277596,8460512
SM,2023,27754,33733
SN,2023,9087286,18077573
SO,2023,7786917,18358615
SR,2023,411352,628886
SS,2023,5464334,11483374
ST,2023,115688,230871
SU,2023,218348624,299339040
SV,2023,4156474,6309624
SX,2023,33460,42749
SY,2023,13606879,23594623
SZ,2023,687495,1230506
TC,2023,36174,46198
TD,2023,8179782,19319064
TG,2023,4619785,9304337
TH,2023,56531438,71702435
TJ,2023,5709855,10389799
TK,2023,1522,2397
TL,2023,751654,1384286
TM,2023,4515308,7364438
TN,2023,8361410,12200431
TO,2023,55794,104597
TR,2023,61922379,87270501
TT,2023,1137858,1502932
TV,2023,5754,9816
TW,2023,19497201,23317145
TZ,2023,30850822,66617606
UA,2023,30396695,37732836
UG,2023,21587387,48656601
US,2023,260434000,343477335
UY,2023,2519063,3388081
UZ,2023,21977709,35652307
VA,2023,453,496
VC,2023,72128,101323
VE,2023,18192852,28300854
VG,2023,30525,38985
VI,2023,66445,85701
VN,2023,69528664,100352192
VU,2023,166322,320409
WF,2023,7929,11370
WO-MER,2023,5423215686,8090672266
WO-PPP,2023,5423215686,8090672266
WS,2023,111507,216663
XB-MER,2023,323458077,428170867
XB-PPP,2023,323458077,428170867
XF-MER,2023,606937661,1261076022
XF-PPP,2023,606937661,1261076022
XI,2023,134920,167691
XL-MER,2023,454749787,657737819
XL-PPP,2023,454749787,657737819
XN-MER,2023,376458956,594078659
XN-PPP,2023,376458956,594078659
XR-MER,2023,211222240,290168272
XR-PPP,2023,211222240,290168272
XS-MER,2023,1705918515,2642591639
XS-PPP,2023,1705918515,2642591639
YE,2023,19065211,39390799
YU,2023,15992135,20138078
ZA,2023,41490699,63212384
ZM,2023,9705983,20723965
ZW,2023,7750260,16340822
ZZ,2023,837096,1807581
